city,latitude (°N),longitude (°E),temperature (°F),humidity (%),cloudiness (%),wind speed (mph)
"Hambantota, LK",6.1249126,81.1242563,77.32,100,20,5.75
"Bagula, IN",23.3338687,88.642096,84.9,74,100,3.18
"Airai, PW",7.3599342,134.5601154,79.2,83,75,4.61
"Tual, ID",-5.6443094,132.7416819,79.34,82,100,21.56
"Isla Vista, US",34.4115125,-119.8562131,80.08,59,74,4.18
"Berbera, SO",10.4386215,45.0134007,89.8,46,73,8.77
"Provideniya, RU",64.4238198,-173.2275013,46.99,57,40,7.0
"Lebu, CL",-37.6099644,-73.6559477,47.88,73,82,17.92
"Kawalu, ID",-1.9593,123.8495,77.22,81,100,10.04
"Nishihara, JP",26.227791,127.76054,88.45,70,40,8.05
"Kampong Cham, KH",11.9921855,105.4628346,84.2,72,44,9.44
"Carnarvon, AU",-24.8826131,113.6576486,68.09,58,84,16.96
"Ponta do Sol, CV",17.2013338,-25.0910546,78.58,82,36,8.72
"Jowhar, SO",2.7797296,45.5042168,73.26,88,100,11.52
"Piaçabuçu, BR",-10.4066897,-36.433654,72.32,87,35,12.37
"Isla Mujeres, MX",21.2321047,-86.73222812171971,80.17,69,95,7.96
"Kapaa, US",22.0747334,-159.3191601,80.19,70,20,11.5
"Palu, ID",-0.8957793,119.8679974,83.91,70,100,2.19
"Shakawe, BW",-18.363276,21.839848,54.66,16,0,4.32
"Ghat, LY",24.9626299,10.1797167,85.26,18,8,3.47
"Arraial do Cabo, BR",-22.9662839,-42.024427,71.58,78,0,13.8
"Senador Guiomard, BR",-9.9765,-67.31913961038961,75.04,77,1,2.21
"Constitución, CL",-35.3318306,-72.4118998,50.07,89,67,11.63
"Vainī, TO",-21.1925671,-175.1772797,79.09,73,20,14.97
"Carutapera, BR",-1.2016638,-46.0205618,75.09,89,2,4.0
"Mount Isa, AU",-20.7289898,139.4931522,67.86,28,0,10.36
"Ponta do Sol, PT",32.681067,-17.104073,72.57,84,81,9.42
"Sur, OM",22.5694263,59.5297203,87.94,60,100,5.32
"Abancay, PE",-13.6373482,-72.8788744,58.75,86,6,4.68
"kulu, IN",29.6666319,79.5979857,69.89,90,76,2.13
"Dingle, IE",52.1408381,-10.2688831,55.38,70,17,12.15
"Linhares, BR",-19.3816944,-40.0612213,66.45,86,0,3.51
"Kirakira, SB",-10.4568963,161.9201736,84.36,68,18,8.95
"Along, IN",28.1698002,94.79854,81.88,87,89,0.51
"Puerto Ayora, EC",-0.7471674,-90.3134198,70.2,93,89,5.01
"Mayumba, GA",-3.4310453,10.6543709,69.04,89,97,2.82
"Lima, PE",-12.0621065,-77.0365256,60.12,84,100,5.75
"Mabai, CN",23.0131241,104.3976934,73.54,85,100,2.57
"Hithadhoo, MV",1.7959425,73.38755195657038,82.27,72,11,5.73
"Meulaboh, ID",4.1481951,96.1339107,80.73,73,86,2.8
"Limassol, CY",34.6852901,33.0332657,71.55,73,0,4.61
"San Antonio, PH",13.8962195,121.2931059,85.42,64,100,4.54
"Бабстово, RU",48.1210685,132.4749276,78.4,54,0,5.19
"Nakapiripirit, UG",1.8529835,34.7211421,59.86,92,53,0.65
"Pilão Arcado, BR",-10.0004334,-42.4793189,76.03,62,3,15.77
"Wageningen, SR",5.7710604,-56.6876895,74.39,92,8,2.75
"Vanimo, PG",-2.6847646,141.3009131,84.94,71,33,5.84
"Town of St. George, BM",32.382103,-64.677208,80.02,77,75,16.11
"Hilo, US",19.7073734,-155.0815803,82.24,74,75,4.0
"Gambela, ET",8.2503656,34.5877344,70.07,97,100,2.48
"San Juan, US",18.465299,-66.116666,80.64,86,20,5.75
"Samarai, PG",-10.6106054,150.6619362,79.65,63,31,15.84
"Busselton, AU",-33.644499,115.3488754,54.99,72,87,14.81
"Jalpa, MX",21.6325708,-102.977786,68.67,86,100,2.82
"Tuatapere, NZ",-46.1323096,167.6907627,57.2,72,6,4.94
"Salalah, OM",17.0174945,54.1010923,75.27,100,100,6.91
"Basco, PH",20.4509391,121.9694855,84.72,74,96,13.38
"Henties Bay, NA",-22.1130313,14.2881683522115,53.11,87,0,4.52
"Harper, LR",4.3789381,-7.7060988,74.55,80,100,8.3
"Nampula, MZ",-15.1194063,39.2615886,62.56,98,19,2.37
"Ucluelet, CA",48.9426817,-125.5460498,68.9,83,8,3.0
"Madingou, CG",-4.166012,13.5571517,73.49,71,53,3.36
"Georgetown, SH",-7.9289722,-14.4133993,74.28,74,64,19.53
"Severo-Kurilsk, RU",50.6683048,156.1154399,53.24,99,100,11.61
"Takoradi, GH",4.887401,-1.7519316,73.45,76,99,4.76
"Touros, BR",-5.1998625,-35.4595051,73.22,81,28,13.47
"Manggar, ID",-2.8672641,108.2759285,84.54,67,99,15.08
"San Patricio, MX",19.2229912,-104.6988343,79.65,82,100,4.32
"Ribeira Grande, PT",37.8225227,-25.5194914,68.34,73,75,4.61
"Awka, NG",6.2100945,7.0741145,70.03,90,99,3.31
"Goundam, ML",16.4168533,-3.6636275,83.14,62,80,10.0
"Russell, NZ",-35.2612737,174.1236488,63.23,94,100,21.07
"Harare, ZW",-17.831773,31.045686,50.97,87,0,5.26
"Talara, PE",-4.5796872,-81.2718335,63.16,87,85,15.57
"Bria, CF",6.5392732,21.9871831,67.6,98,100,3.02
"Port Augusta, AU",-32.4908819,137.7639874,66.81,35,100,26.66
"Saldanha, ZA",-32.9977778,17.9455556,55.67,91,97,21.34
"Orlea, RO",43.753369,24.3771645,70.36,53,39,8.1
"Aybak, AF",36.2730673,68.0218455,78.4,20,0,4.81
"Cape Town, ZA",-33.928992,18.417396,54.55,89,75,20.71
"Basoko, CD",-3.291524,17.460055783543147,78.08,45,40,3.44
"Gasa, BT",27.9057587,89.7293569,64.78,74,39,4.25
"Castro, CL",-42.482375,-73.7642918,39.99,90,75,0.0
"Ya'an, CN",29.985931,103.0087944,82.22,80,100,1.97
"Utiroa, KI",-1.2130376,174.7571277,81.0,77,100,14.27
"Kashan, IR",33.9876533,51.4428856,78.42,16,0,0.0
"Adeje, ES",28.1219416,-16.7241893,70.12,86,20,3.44
"Ketchenery, RU",47.304371,44.528316,79.61,38,4,11.01
"Luau, AO",-10.7025518,22.2275381,63.46,35,0,4.09
"Bundaberg, AU",-24.8653253,152.3516785,68.11,49,0,5.99
"Faya, TD",8.0748388,16.0806637,66.85,97,100,2.91
"Tsihombe, MG",-25.318547,45.484057,59.47,80,0,4.88
"Jamestown, SH",-15.9277296,-5.7160872,64.65,74,100,17.94
"Lompoc, US",34.6391501,-120.4579409,68.23,76,0,10.36
"Butaritari, KI",2.9205375,172.91886331442205,81.91,70,56,15.99
"Maumere, ID",-8.6256456,122.2192885,81.61,66,99,2.26
"Antalya, TR",36.9009641,30.6954846,76.44,69,0,3.44
"Santiago del Estero, AR",-27.7877148,-64.2595062,64.44,29,0,8.75
"Ouésso, CG",1.6105452,16.0513456,70.57,76,90,3.02
"Mumford, GH",5.261359,-0.759831,71.83,84,79,5.28
"Wufeng Tujia Autonomous County, CN",30.164581,110.685006,75.02,78,19,3.11
"Guilin, CN",25.2383172,110.1752245,86.13,79,40,2.24
"Brokopondo, SR",5.0567713,-54.9766916,78.85,91,33,3.18
"Maó, ES",39.8894819,4.2661641,77.56,88,0,5.75
"Kudahuvadhoo, MV",2.6712087,72.8938459,81.48,71,39,3.87
"Manama, BH",26.2235041,50.5822436,95.59,58,0,6.91
"Moçâmedes, AO",-15.195064,12.1458085,59.47,89,21,2.71
"Bethel, US",60.7922222,-161.7558333,53.82,92,100,10.36
"Bargal, SO",11.286823,51.07795,79.83,69,63,13.85
"Oriximiná, BR",-1.7669992,-55.868285,79.14,71,67,5.46
"Cidreira, BR",-30.1657063,-50.218331,55.71,86,32,12.01
"Huaicheng, CN",33.5380122,119.1324859,77.58,87,93,7.23
"Tsabong, BW",-26.021746,22.401006,57.52,16,7,10.92
"Quy Nhơn, VN",13.770409,109.232667,82.53,74,100,7.63
"Constitucion, MX",23.9911739,-104.6749252,67.14,79,100,1.01
"Codrington, AG",17.640463,-61.8255199,82.6,78,15,13.22
"Lubumbashi, CD",-11.6642316,27.4826264,57.65,63,0,3.83
"Asau, TV",-7.4890971,178.679807,81.86,67,95,13.87
"Kabare, CD",-1.1590666,29.0006897,60.39,99,100,2.01
"Merauke, ID",-8.4902766,140.395582,83.98,59,100,12.66
"Port-Gentil, GA",-0.7149116,8.7797434,74.5,77,8,6.98
"Mildura, AU",-34.1847265,142.1624972,62.08,62,96,15.39
"Mogadishu, SO",2.0349312,45.3419183,75.45,87,93,13.82
"Qingyuan City, CN",23.6832984,113.0505994,87.69,68,26,1.86
"Lüderitz, NA",-26.6500086,15.157266,53.83,77,1,6.85
"Quatre Cocos, MU",-20.2094657,57.7705601,66.45,80,96,7.65
"Rumboci Village, BA",43.82750995,17.50218728240126,60.93,86,0,3.53
"Abong-Mbang, CM",3.9896293,13.1738695,65.82,93,100,2.35
"Thinadhoo, MV",0.5326429,72.99714160821568,82.6,74,30,9.69
"Kulhudhuffushi, MV",6.6229329,73.0709428,80.62,75,58,0.94
"Xiongzhou, CN",32.337034,118.8316754,86.41,72,89,7.65
"Bonfim, BR",3.3613818,-59.8427241,77.43,76,16,6.96
"Hanyang District, CN",30.5566655,114.2131725,87.12,49,14,6.17
"Kuching, MY",1.5574127,110.3439862,82.58,78,20,5.75
"Kieta, PG",-6.2187295,155.6362617,85.51,65,0,4.54
"Bengkulu, ID",-3.7922858,102.2623797,80.78,73,53,4.94
"Cascais, PT",38.72240025,-9.396909171649877,64.96,70,2,5.01
"Mao, TD",14.1234161,15.3108471,77.9,75,100,10.63
"Bitung, ID",1.44344,125.1940836,86.94,79,100,10.38
"Costa Rica, BR",-18.5333859,-53.1394286,73.85,46,37,7.38
"Chiang Rai, TH",19.9068867,99.8332739,80.37,94,75,3.44
"Pemangkat, ID",1.156069,108.97129192715386,82.78,69,87,6.15
"Roma, AU",-26.5674,148.78751,60.93,43,0,13.09
"Kloulklubed, PW",7.0415131,134.2564595,79.12,71,100,4.5
"Lubango, AO",-14.9191779,13.4896316,58.24,24,0,3.87
"Victoria, SC",-4.6232085,55.452359,76.98,88,40,8.05
"Am Timan, TD",11.0396368,20.2826429,69.3,97,92,1.23
"Banepa, NP",27.64735905,85.51750837501186,71.35,83,75,3.44
"Kutum, SD",14.2108373,24.649584,74.01,69,34,2.19
"Benguela, AO",-12.5790048,13.4037117,67.03,89,0,5.84
"Palabuhanratu, ID",-6.9882409,106.5503728,81.46,77,30,3.58
"Mahibadhoo, MV",3.7572355,72.9689431887705,80.55,73,53,4.52
"San Juan Bautista, PE",-13.7852734,-73.6160652,48.42,81,3,4.23
"Isangel, VU",-19.5410863,169.2810885,81.63,83,75,11.5
"Tomatlán, MX",19.9429848,-105.2465108,76.17,92,100,1.9
"Buala, SB",-8.145546,159.5930366,85.23,65,5,1.61
"Sitka, US",57.0524973,-135.337612,60.62,82,100,3.44
"Mahebourg, MU",-20.4111041,57.7060616,66.58,94,40,4.61
"Praia, CV",14.9162811,-23.5095095,79.38,73,20,14.97
"Porto Novo, CV",17.0189775,-25.065316,78.8,77,41,9.35
"Bowen, AU",-20.012125,148.2462901,67.73,42,0,7.76
"Blantyre, MW",-15.7862543,35.0035694,57.43,89,71,3.69
"Karratha, AU",-20.7370067,116.8478592,78.84,58,14,11.88
"Mitzic, GA",0.7825965,11.5485892,65.32,94,16,2.91
"Charters Towers, AU",-20.0714089,146.2709824,68.72,29,0,13.22
"Nioro du Sahel, ML",15.2304528,-9.5899063,74.93,77,100,13.76
"Parroquia Puerto Baquerizo Moreno, EC",-0.902599,-89.610191,70.66,83,97,10.0
"São Filipe, CV",14.8952963,-24.4969361,78.55,78,45,11.59
"Faiyum, EG",29.3074076,30.8399651,76.46,69,0,10.18
"Road Town, VG",18.4257128,-64.6232227,82.35,83,20,1.14
"Bedesa, ET",6.8783693,37.9351901,62.37,87,100,2.66
"Ahipara, NZ",-35.1664105,173.1562074,61.97,92,100,21.09
"Parroquia Guatire, VE",10.4684588,-66.5431115,72.14,98,45,1.34
"Altagracia de Orituco, VE",9.8576685,-66.3715391,71.31,93,24,4.25
"Huarmey, PE",-10.0687481,-78.152199,61.77,84,11,9.78
"Pimentel, PE",-6.8358356,-79.9358318,62.02,81,79,14.0
"Maningrida, AU",-12.0524203,134.2267293,84.58,25,100,12.33
"Albany, AU",-35.0247822,117.883608,50.56,87,100,12.66
"San Pedro, BZ",18.3386462,-88.4953942,75.94,93,20,4.21
"Broken Hill, AU",-31.965,141.4511111,62.42,39,39,15.88
"Porbandar, IN",21.6409,69.611,80.1,90,100,17.98
"City of Mount Gambier, AU",-37.8246698,140.7820067624113,50.81,82,100,12.84
"Bilma, NE",18.69293,12.91872,91.09,34,49,8.7
"Yulara, AU",-25.2410108,130.9869405,74.19,14,0,14.94
"Smidovich, RU",48.5956701,133.8138369,75.88,64,0,7.52
"Rundu, NA",-17.913716,19.7672535,56.41,16,0,2.04
"Aksu City, CN",41.1686701,80.2581875,73.99,50,64,0.78
"Domoni, KM",-12.2586544,44.528851,73.29,83,33,8.68
"Umm Kaddada, SD",13.6002208,26.6892786,80.64,64,48,8.61
"Padang, ID",-0.9247587,100.3632561,78.84,89,75,2.3
"Namatanai, PG",-3.6641739,152.4407285,85.19,68,22,7.14
"Minjivan, AZ",39.0285998,46.7157787,76.39,46,0,0.58
"Gebre Guracha, ET",9.803859,38.424103,52.2,90,100,0.74
"Sechura, PE",-5.5575353,-80.8223327,62.53,79,11,15.35
"Murun, MN",49.6284811,100.1745571,56.34,64,0,2.42
"Orocué, CO",4.789484,-71.3406351,76.21,85,28,4.79
"Tocra, LY",32.532222,20.572222,77.77,69,0,7.02
"Cayambe, EC",0.0410644,-78.1429536,51.76,86,41,4.83
"Kavaratti, IN",10.5672203,72.6394636,81.03,77,50,6.42
"Cabinda, AO",-5.5576435,12.1919468,69.22,91,45,4.09
"Sabha, LY",27.0364864,14.4290398,85.23,25,6,10.04
"Wonthaggi, AU",-38.6043664,145.5913433,53.82,70,100,9.8
"Cap Malheureux, MU",-19.9859951,57.619612,66.67,77,98,11.41
"Avarua, CK",-21.2074736,-159.7708145,71.58,53,75,11.5
"Dakar, SN",14.693425,-17.447938,79.68,74,30,12.53
"Te Karaka, NZ",-38.4653875,177.8679091,64.0,62,100,5.5
"Banjar, ID",-7.3695648,108.5415225,79.56,83,89,4.99
"Marsa Matruh, EG",31.3528567,27.2395262,79.0,73,20,6.91
"Beja, PT",38.0154479,-7.8650368,61.59,77,0,11.5
"Nelson Bay, AU",-32.7218138,152.1440889,62.65,61,29,11.99
"Ende, ID",-5.128956,119.4142779,84.22,48,20,4.61
"Aragarças, BR",-15.8957166,-52.2514538,77.97,34,54,1.72
"Torbay, CA",47.6576953,-52.726986,60.37,94,100,9.22
"Bloomington, US",39.1670396,-86.5342881,68.92,76,15,5.86
"Taunggyi, MM",20.7907874,97.0364294,71.73,83,98,1.66
"Tahoua, NE",14.889922,5.262149,76.03,80,95,14.7
"Baní, DO",18.2777204,-70.3320746,76.48,85,100,1.66
"Itum-Kali, RU",42.734993,45.576996,68.38,53,0,6.15
"Springbok, ZA",-29.6659872,17.8825119,40.23,74,83,3.69
"Lata, SB",-10.7241726,165.7977641,84.13,65,34,9.98
"Diapaga, BF",12.0713223,1.7883859,71.2,97,100,6.42
"Trairi, BR",-3.2741504,-39.2649188,76.86,79,3,11.59
"Juegang, CN",32.3154011,121.1876473,79.99,83,75,8.52
"Sola (Sol), VU",-13.87483,167.549744,81.5,77,99,8.77
"Mocuba, MZ",-16.839215,36.985642,67.03,92,100,3.04
"Actopan, MX",20.2687373,-98.9431476,60.84,90,100,4.65
"Serebryansk, KZ",49.684608,83.297089,53.01,47,0,7.07
"Flinders Shire, AU",-20.862898,144.2526073309786,67.91,24,0,14.72
"Tanout, NE",14.97119,8.878363,78.31,69,89,9.91
"Auki, SB",-8.7706074,160.6992655,86.77,61,2,4.68
"Belle Fourche, US",44.670905,-103.851407,82.15,28,22,9.26
"Sibolga, ID",1.736957,98.78461,83.44,64,65,1.03
"Gaoual, GN",11.754096,-13.200333,72.9,98,100,3.33
"Lamu, KE",-2.2675396,40.9010641,75.43,83,75,16.2
"Olinda, BR",-7.9986401,-34.8459552,78.82,65,75,11.5
"Taoudeni, ML",22.6762333,-3.9805269,94.68,33,23,6.76
"Lodwar, KE",3.1166086,35.6000028,79.93,52,100,4.99
"Rakops, BW",-21.029809,24.4026117,55.9,34,5,7.99
"Hobyo, SO",5.349526,48.526366,76.3,83,100,21.9
"Port Moresby, PG",-9.4743301,147.1599504,83.35,51,75,11.5
"Peniche, PT",39.3566221,-9.3812853,65.62,86,1,20.85
"Villa María, AR",-32.4107173,-63.2437955,52.81,56,4,14.5
"Chingola, ZM",-12.5474926,27.8600422,56.41,66,2,5.37
"Sorong, ID",-0.8634105,131.2544805,80.71,76,43,8.75
"Rosario, AR",-32.9595004,-60.6615415,55.9,55,0,8.05
"Gigmoto, PH",13.7786693,124.3911728,83.16,79,100,9.37
"Φιλότι, GR",37.0513568,25.4983474,70.61,61,0,5.91
"Shingu, JP",33.7241003,135.9930029,89.76,60,47,8.61
"Tampa, US",27.9477595,-82.458444,82.54,77,75,8.05
"Gidole, ET",5.6505459,37.3660534,59.0,70,96,3.11
"Banda Aceh, ID",5.5528455,95.3192908,83.57,70,67,12.55
"Dajal, PK",29.5563174,70.3797208,86.5,69,67,13.42
"Cabedelo, BR",-6.97324,-34.8351609,74.08,74,41,14.47
"Sittwe Township, MM",20.15,92.9,82.45,84,100,11.03
"Yandalela, CD",-4.3621612,29.0990576,73.08,56,42,2.98
"Lhasa, CN",29.6553895,91.1704736,61.54,60,19,1.41
"Tabou, CI",4.4194457,-7.3603666,74.86,79,100,8.34
"Hasaki, JP",35.7529706,140.8201321,86.4,79,100,15.21
"Pacifica, US",37.6138253,-122.4869194,62.6,84,0,14.97
"Mar del Plata, AR",-37.9977225,-57.5482703,51.04,80,0,7.0
"Zhangjiakou City, CN",40.8228016,114.880567,72.93,67,87,3.78
"Hermiston, US",45.8404101,-119.28946,95.45,26,0,1.01
"Rio Grande, BR",-32.0334252,-52.0991297,50.95,83,0,9.24
"Oussouye, SN",12.4889623,-16.5432771,78.03,89,100,5.46
"Pacific Grove, US",36.6211382,-121.9178014,60.12,85,20,5.75
"Plettenberg Bay, ZA",-34.052778,23.369444,52.54,73,41,2.35
"Jalu, LY",29.0331149,21.5482209,79.45,46,0,8.57
"Lorengau, PG",-2.0329567,147.2789185,84.83,70,12,10.69
"Biak Kota, ID",-1.1836086,136.0816321,83.84,70,13,8.68
"Grand River South-East, MU",-20.2907247,57.7851931,66.7,94,40,4.61
"Gamba, GA",-2.7201331,10.0189421,69.19,87,18,3.0
"Woodward, US",41.8569299,-93.9218956,70.27,78,0,3.44
"Hamtic, PH",10.7006934,121.9810968,84.22,70,63,6.08
"Grand Gaube, MU",-20.0086191,57.6644156,66.6,77,97,11.23
"Kavieng, PG",-2.573474,150.795224,83.79,73,10,12.59
"Tateyama, JP",34.9965304,139.8699838,82.67,79,99,11.65
"Salinópolis, BR",-0.6259282,-47.3442819,77.59,84,13,8.12
"Kupang, ID",-10.1632209,123.6017755,84.45,50,74,4.5
"Buraydah, SA",26.331667,43.971667,90.03,29,20,10.36
"Aden City, YE",12.789585,45.028504,84.81,83,62,20.4
"Jizan, SA",16.894719,42.5579758,86.0,79,100,3.44
"Pascagoula, US",30.3646795,-88.5585995,75.09,90,100,6.91
"Garoowe, SO",8.406143,48.483195,74.46,67,49,22.01
"Tansen, NP",27.8670899,83.52894440162208,71.26,80,23,0.85
"Shimoda, JP",34.679545,138.945379,86.23,73,88,15.05
"Cockburn Harbour, TC",21.498342,-71.5296449,82.38,77,9,11.52
"Gao, ML",16.2788129,-0.0412392,84.13,61,9,14.63
"Fukue, JP",34.5263537,133.8031965,80.06,87,100,7.74
"Lengshuijiang, CN",27.6581325,111.4534719,93.74,56,89,1.45
"General Pico, AR",-35.6591085,-63.7576103,46.9,78,99,8.97
"Cabo San Lucas, MX",22.8938884,-109.9200604,84.31,78,100,7.58
"Guangyuan, CN",32.4329637,105.8563402,85.37,80,95,3.74
"Daayow \\ Barawe Yarer, SO",1.4923441,44.1066308,71.87,93,83,7.16
"Araguaçu, BR",-12.928934,-49.823134,81.48,33,83,4.43
"Bambous Virieux, MU",-20.347199500000002,57.76474767388835,66.76,94,40,4.61
"Portachuelo, BO",-17.3545949,-63.3946477,67.1,93,16,5.86
"Kahului, US",20.8894101,-156.4727118,84.79,75,92,11.99
"Saleilua, WS",-14.0287745,-171.6987002,82.31,78,97,31.12
"Casian, PH",11.0376765,119.7121825,82.78,75,93,9.4
"Acajutla, SV",13.5897967,-89.8297601,79.74,83,86,7.16
"Maputo, MZ",-25.966213,32.56745,59.29,63,20,10.36
"Dianópolis, BR",-11.624008,-46.819787,73.69,34,6,7.29
"Nikolskoye, RU",59.7034799,30.7861084,66.0,76,36,5.44
"Sambava, MG",-14.254956,50.1556533,65.8,86,11,7.31
"Geraldton, AU",-28.77035,114.6147159,59.16,88,75,18.41
"Batemans Bay, AU",-35.7072183,150.178289,60.19,44,6,4.32
"Concarneau, FR",47.8757017,-3.9223889,59.79,91,5,6.26
"Savannakhet, LA",16.5636044,104.7509856,78.82,83,75,2.3
"Mandurah, AU",-32.5302495,115.7208782,54.99,66,100,21.05
"Alta Floresta, BR",-9.8698547,-56.0834993,79.41,49,56,2.13
"Monrovia, LR",6.328034,-10.797788,74.95,83,100,11.63
"Ondjiva, AO",-17.0705234,15.7280115,56.23,16,0,4.94
"São João da Barra, BR",-21.6348588,-41.0487079,72.0,80,0,26.15
"Kawambwa, ZM",-9.792018,29.0770269,61.32,49,31,7.96
"Sabang, ID",5.8927453,95.3225751,82.85,74,72,19.51
"Matamoros, MX",25.8520977,-97.5017951,84.27,76,2,1.99
"Bandundu, CD",-3.3201862,17.3774958,77.23,45,40,3.6
"Gandhidham, IN",23.0718743,70.131715,81.03,84,100,15.14
"Vila Franca do Campo, PT",37.7171624,-25.4335352,68.41,75,22,7.14
"Galle, LK",6.0328139,80.214955,79.74,82,85,8.77
"Kecamatan Bandar Sei Kijang, ID",0.42457104999999995,101.63047989857981,76.98,82,88,4.18
"Daru, PG",-9.069901,143.210029,80.29,69,98,11.1
"Port Blair, IN",11.6645348,92.7390448,78.22,89,75,11.5
"Ibra, OM",22.6895878,58.5469793,87.24,51,100,9.51
"Korampallam, IN",8.776949,78.0913204,84.49,79,75,4.61
"Baturaja, ID",-4.122559,104.1708729,80.69,75,20,3.18
"Copiapó, CL",-27.3664685,-70.3322753,49.69,44,0,1.88
"Pundaguitan, PH",6.375915,126.1643773,81.43,76,100,7.4
"Kaniama, CD",-7.5094813,24.1715794,69.44,30,18,4.92
"Anloga, GH",5.7936484,0.8984702,72.86,83,79,7.23
"Los Llanos de Aridane, ES",28.6592569,-17.9152016,69.12,82,0,13.8
"Puerto Escondido, MX",15.8693331,-97.0726428,78.73,86,100,4.43
"Najran, SA",17.5439809,44.2246817,81.66,48,99,5.1
"Cruzeiro do Sul, BR",-29.5139742,-51.9917068,59.85,90,99,2.46
"Pisco, PE",-13.7099813,-76.2029793,60.69,82,75,10.36
"Aswan, EG",24.091071,32.897306,87.17,25,0,6.91
"Gorontalo, ID",0.5384433,123.0594971,76.53,81,100,2.08
"San Borja, BO",-14.8582125,-66.7474736,75.09,75,41,2.66
"Chimbote, PE",-9.0744966,-78.593609,60.75,87,19,8.77
"Acapulco, MX",16.8680495,-99.8940182,80.02,83,100,1.21
"Leticia, CO",-4.2129211,-69.9425963,73.45,100,40,2.3
"Turayf, SA",31.6725877,38.6615532,82.65,36,0,4.61
"Port Hedland, AU",-20.3111814,118.5801181,78.84,65,1,9.22
"Bayla, SO",9.4952646,50.8127815,77.58,72,100,23.13
"Мильково, RU",59.296898,39.288963,64.06,77,95,3.87
"Tortosa, ES",40.8110158,0.5209333,74.39,57,23,5.14
"Samalae'ulu, WS",-13.5010083,-172.299895,81.52,84,94,30.33
"Grand-Lahou, CI",5.244259,-5.003462,72.18,83,100,4.23
"Mondlo, ZA",-27.958203,30.7196884,55.54,26,99,12.82
"Blackwater, AU",-23.5812001,148.8832401,66.56,30,0,13.6
"Tabuk, SA",28.4012536,36.567049,86.05,28,20,0.0
"Hamilton, BM",32.2956076,-64.7827048,79.45,84,75,11.5
"Karibib, NA",-21.936283500000002,15.86160507512718,56.5,27,0,3.06
"Ulladulla, AU",-35.3621503,150.4751713,60.66,50,3,5.88
"Puerto Leguízamo, CO",-0.1949861,-74.7806975,77.67,78,95,1.36
"Nova Serrana, BR",-19.875834,-44.984166,67.46,44,0,1.28
"Boyolangu, ID",-8.2106455,114.3178293,79.77,66,41,4.79
"Yinchuan City, CN",38.4852037,106.2261926,83.59,50,70,5.66
"Abha, SA",18.2164282,42.5043596,62.85,94,97,4.61
"Kitale, KE",1.018076,35.000236,53.26,95,99,1.21
"Katsuura, JP",35.1521846,140.3207449,83.84,75,99,6.53
"Ngukurr, AU",-14.7341439,134.7323402,81.45,12,8,16.93
"Puerto Nariño, CO",-3.779943,-70.3639773,74.17,88,62,2.46
"Alice Springs, AU",-23.6983884,133.8812885,72.95,13,0,9.22
"Ambon, ID",-3.6959434,128.178785,78.94,83,40,2.3
"Kitgum, UG",3.296481,32.881839,63.32,98,100,0.87
"Bredasdorp, ZA",-34.533055,20.042778,48.6,78,29,6.22
"Georgetown, GY",6.8137426,-58.1624465,79.09,85,0,5.39
"Emerald, AU",-23.5263118,148.1618622,66.31,43,0,16.26
"Samusu, WS",-13.9974088,-171.4288872,78.35,76,99,29.39
"Neftçala, AZ",39.3790532,49.248607,79.86,74,0,9.42
"Iwanai, JP",42.9797765,140.5147577,76.14,65,5,5.44
"Natal, BR",-5.805398,-35.2080905,75.4,83,40,6.91
"Alofi, NU",-19.0534159,-169.919199,77.5,47,40,27.63
"Jega, NG",12.2250004,4.3775587,73.67,91,100,6.55
"La Palma, PA",8.4038183,-78.141242,75.81,87,92,2.37
"Matara, LK",5.947822,80.5482919,79.56,82,89,6.6
"El Calabozo, VE",11.1158785,-71.8703941,80.2,84,97,8.81
"Jumla, NP",29.276848,82.1822622,66.63,78,84,2.01
"Esmeraldas, EC",0.9668153,-79.6523847,74.35,87,24,8.39
"Nhulunbuy, AU",-12.1804346,136.7759913,82.54,42,0,21.85
"Pa Sang, TH",18.5222909,98.939963,82.13,68,94,3.4
"Ballina, AU",-28.86574,153.5659468,64.78,65,42,14.07
"Luanda, AO",-8.8272699,13.2439512,67.69,91,61,6.78
"Erdenet, MN",49.0275128,104.0447851,55.67,80,66,5.17
"Stendal, DE",52.6050782,11.8594279,63.95,83,26,3.87
"Fredericksburg, US",38.3031837,-77.4605399,65.57,78,0,0.0
"Boende, CD",-0.2836634,20.8826368,70.95,97,100,2.39
"Pasan, IN",22.8440999,82.1982942,76.33,83,80,3.89
"Mineiros, BR",-17.5653879,-52.5536721,71.58,41,8,5.14
"Vicksburg, US",32.3528055,-90.8777342,80.28,87,100,8.05
"Portland, AU",-38.3456231,141.6042304,53.44,72,100,15.32
"Pedasí, PA",7.5298888,-80.0259726,77.16,79,92,3.56
"Macapá, BR",0.0401529,-51.0569588,82.4,78,20,5.75
"San Roque, PH",12.5397442,124.8748842,79.7,87,100,7.09
"Taybad, IR",34.7401763,60.7755127,75.36,21,0,21.77
"Wajid, SO",3.80925,43.247089,70.95,82,71,18.66
"Winslow, US",35.0241874,-110.6973572,73.4,58,91,4.52
"Bathsheba, BB",13.2129361,-59.5227245,82.8,69,20,16.11
"Mina, MX",26.0025145,-100.5300485,85.8,42,99,15.79
"Angoche, MZ",-16.2292451,39.9081111,71.06,85,4,5.79
"Araouane, ML",18.9041133,-3.5275407,91.42,35,96,9.15
"Swakopmund, NA",-22.6767841,14.5313988,51.93,89,0,5.01
"Hastings, NZ",-39.6417678,176.8430781,60.91,79,100,13.04
"Maragogi, BR",-9.0118278,-35.222512,73.38,84,32,10.47
"Camaçari, BR",-12.6998188,-38.3260762,76.75,84,2,4.99
"Yumbe, UG",3.4674131,31.2458678,62.96,97,100,3.51
"San Agustin, PH",16.5066966,121.7474086,82.96,79,100,2.55
"Valparaíso, CL",-33.0458456,-71.6196749,54.28,93,100,1.14
"Oshakati, NA",-17.7826518,15.6986,59.63,14,0,8.68
"Beihai, CN",21.4845174,109.1165772,86.45,68,85,5.64
"Aktash, RU",50.3127248,87.6028375,48.16,69,41,2.86
"Boromo, BF",11.7447567,-2.9300274,71.35,97,100,5.66
"Collipulli, CL",-37.9566312,-72.4374375,39.31,94,78,2.93
"Chacao, VE",9.9397059,-67.4236751,69.66,89,2,2.3
"Sale'aula, WS",-13.4518478,-172.3318889,78.44,83,86,30.78
"Patrocínio, BR",-18.9408294,-46.9926624,66.78,41,1,5.7
"Khudat, AZ",41.6328952,48.6803534,77.9,43,0,3.24
"Kasane, BW",-17.799239,25.156546,58.66,61,0,4.07
"Bima, ID",-8.4534091,118.727689,86.5,53,99,3.13
"Vila Velha, BR",-20.3297037,-40.2920174,72.95,81,0,11.01
"Timbuktu, ML",16.7719091,-3.0087272,86.99,51,100,7.49
"Coolum Beach, AU",-26.53284,153.0697205622449,66.87,58,3,11.68
"Tambacounda, SN",13.7692585,-13.6682901,77.52,90,93,6.73
"Vallenar, CL",-28.5750438,-70.7616398,65.34,38,0,3.96
"Kaeo, NZ",-35.1017438,173.7751075,63.45,94,100,17.9
"Itarema, BR",-2.9224684,-39.9152184,76.75,80,1,15.97
"Dutlwe, BW",-23.979315,23.92641,53.06,22,5,11.23
"Barra do Bugres, BR",-15.0683712,-57.1853688,80.31,47,91,3.18
"Mattru, SL",7.6244395,-11.8332117,72.07,97,100,4.74
"Alyangula, AU",-13.8489517,136.4199111,77.52,46,7,15.26
"Dhidhdhoo, MV",6.889046,73.1133538,80.51,76,100,1.63
"Río Gallegos, AR",-51.64607595,-69.26322885452636,33.28,86,23,11.77
"Hualmay, PE",-11.0967129,-77.6129018,60.8,82,18,10.92
"Cerritos, MX",22.4300518,-100.2842442,71.13,81,100,9.26
"X-Can, MX",20.8580619,-87.6685363,75.88,75,34,4.07
"Panabá, MX",21.2962899,-88.2707801,79.2,73,41,9.64
"Inhambane, MZ",-23.865961,35.384363,62.42,75,17,7.52
"Morondava, MG",-20.2951102,44.2786121,68.65,70,0,6.13
"Kodiak, US",57.79,-152.4072222,56.71,82,100,14.97
"Doha, KW",29.315494,47.81752162305778,94.17,41,6,14.23
"Colares, PT",38.7991807,-9.446217,65.88,71,1,22.03
"Hudur, SO",4.1237042,43.8915563,68.95,82,49,17.96
"Kendari, ID",-3.9918068,122.5180066,79.39,81,100,1.83
"Talavera, PE",-13.6537135,-73.4290221,52.25,95,16,3.27
"Pinheiro, BR",-2.5270459,-45.0866463,71.02,80,1,2.19
"Soyo, AO",-6.1333775,12.3717566,69.26,90,1,3.87
"Tomé-Açu, BR",-2.4166306,-48.1522907,73.98,61,1,2.91
"Tié-N’Diékro, CI",7.4274242,-4.7651872,68.67,99,96,3.85
"Parroquia Caraballeda, VE",10.6128387,-66.8498125,78.69,89,8,8.61
"Coquimbo, CL",-29.9531928,-71.3379884,55.76,77,0,4.94
"Portobelo, PA",9.5538162,-79.6549259,81.0,84,77,5.57
"Itoman, JP",26.106017,127.686066,87.42,74,75,9.22
"Yining City, CN",43.9052027,81.2747797,74.55,22,0,4.63
"Gangotri, IN",30.9943684,78.9398699,60.44,62,0,2.21
"Itupeva, BR",-23.1531055,-47.0580347,69.04,62,84,6.69
"Bubaque, GW",11.29969595,-15.833543367212418,78.42,85,100,12.91
"East London, ZA",-33.0191604,27.8998573,60.93,39,55,8.68
"Abqaiq, SA",25.935556,49.668333,96.57,18,98,6.51
"Sri Aman, MY",1.2376156,111.462148,85.6,68,49,2.51
"Pervomayskiy, RU",54.8657385,61.175015,54.64,81,4,10.09
"Maïné-Soroa, NE",13.2151567,12.0280819,74.44,82,94,6.53
"Magadi, KE",-1.9003643,36.2875436,72.01,57,100,7.07
"Labuan Island, MY",5.3174030000000005,115.21894081832471,81.32,76,59,4.88
"Xai-Xai, MZ",-25.044479,33.64073,58.96,66,30,11.41
"San Andres, CO",4.90199215,-75.70131910681533,68.88,68,40,6.91
"Ranot, TH",7.7779407,100.3209906,83.48,71,100,10.45
"Sikonge, TZ",-5.62516,32.7542106,63.59,54,68,3.71
"Ihosy, MG",-22.4038122,46.129972,58.84,89,85,6.51
"Mentok, ID",0.9093,123.1922,80.15,70,100,3.6
"Belmonte, BR",-15.8630837,-38.8792845,70.43,74,0,6.31
"Fortuna, US",40.597407,-124.156034,64.58,82,0,10.36
"Amarante do Maranhão, BR",-5.56913,-46.747284,74.17,44,9,3.67
"Gonder, ET",12.610368,37.466766,55.92,88,100,2.13
"Grootfontein, NA",-19.5644204,18.1040894,54.95,16,0,3.56
"Pitimbu, BR",-7.4728063,-34.811233,73.76,74,24,14.97
"Tongyu, CN",44.8072492,123.0847263,78.06,59,0,7.74
"Necochea, AR",-38.5545494,-58.7392624,47.08,61,100,7.0
"Formosa, BR",-15.5492443,-47.3301212,69.03,40,6,3.76
"Udala, IN",21.5793868,86.564332,84.49,71,99,3.42
"Valente, BR",-11.4127335,-39.4627304,66.74,87,85,7.87
"Monte Patria, CL",-30.6944769,-70.9579593,59.41,59,21,1.92
"Umzimvubu Local Municipality, ZA",-30.82491,28.92177617804983,49.32,22,62,5.03
"Ocampo, MX",27.3150222,-102.3967266,76.19,68,99,11.95
"Coripata, BO",-16.3131836,-67.6036228,60.66,95,62,1.05
"Marcona, PE",-15.2155331,-75.08303444567473,50.59,88,76,12.28
"Kathu, TH",7.9093905,98.3336498,84.78,84,87,11.68
"Mecca, SA",21.420847,39.826869,83.35,70,56,11.12
"Kiunga, PG",-6.1159886,141.2981755,78.71,90,95,3.83
"Huánuco, PE",-9.9293255,-76.2394845,62.49,91,76,2.51
"Pontes e Lacerda, BR",-15.2315171,-59.3349512,72.46,75,7,2.17
"Iztapa, GT",13.9310474,-90.7145934,80.64,79,100,6.91
"Esperance, AU",-33.858228,121.8931606,56.91,73,100,22.59
"Kabalo, CD",-6.0500915,26.9160693,78.98,32,100,1.57
"Otumba, MX",19.2009263,-100.1229853,60.49,94,100,4.81
"Coahuayana, MX",18.6220145,-100.3484789,68.22,94,100,1.97
"Rach Gia City, VN",10.0107104,105.0832623,84.25,72,56,13.11
"Coxim, BR",-18.504915,-54.7450251,79.74,48,100,1.88
"Kalmunai, LK",7.4131557,81.8269327,80.31,73,100,10.4
"Trinidad, CU",21.8052055,-79.9845797,79.59,78,0,2.33
